Code,Severity,File,Line,Message
f-007,Error,appendix-1.xhtml,,File not listed in <spine>.
m-045,Error,appendix-1.xhtml,,Heading not found in the ToC.
m-045,Error,appendix-1.xhtml,Line 4,XIV
s-009,Error,appendix-1.xhtml,,<hgroup> element with only one child.
s-009,Error,appendix-1.xhtml,Line 10,"<hgroup>
         <h2>
                 <span
 epub:type=""se:label"">Appe…
                 <span
 epub:type=""z3998:ordinal
 z3998:roman"">I</span>
         </h2>
 </hgroup>"
s-021,Error,appendix-1.xhtml,,Unexpected value for <title> element. Hint: Beware hidden Unicode characters!
s-021,Error,appendix-1.xhtml,Line 4,Found: XIV Expected: Appendix I
x-013,Error,appendix-1.xhtml,,"CSS class found in XHTML, but not any CSS file."
x-013,Error,appendix-1.xhtml,Line 19,"<td class=""leftt"">"
x-013,Error,appendix-1.xhtml,,"CSS class found in XHTML, but not any CSS file."
x-013,Error,appendix-1.xhtml,Line 19,"<span class=""smcap"">"
y-034,Manual Review,appendix-1.xhtml,,Possible typo: . embedded in word. Hint: Abbreviations must be in an <abbr> element.
y-034,Manual Review,appendix-1.xhtml,Line 19,a.d.
y-034,Manual Review,appendix-1.xhtml,Line 23,a.d.
y-034,Manual Review,appendix-1.xhtml,Line 27,a.d.
y-034,Manual Review,appendix-1.xhtml,Line 31,a.d.
y-034,Manual Review,appendix-1.xhtml,Line 35,a.d.
y-034,Manual Review,appendix-1.xhtml,Line 39,a.d.
y-034,Manual Review,appendix-1.xhtml,Line 43,a.d.
y-034,Manual Review,appendix-1.xhtml,Line 47,a.d.
f-007,Error,appendix-2.xhtml,,File not listed in <spine>.
f-015,Error,appendix-2.xhtml,,Filename doesn’t match @id attribute of primary <section> or <article>. Hint: @id attributes don’t include the file extension.
f-015,Error,appendix-2.xhtml,Line 9,"<section id=""appendix-15"" epub:type=""chapter"">"
m-045,Error,appendix-2.xhtml,,Heading not found in the ToC.
m-045,Error,appendix-2.xhtml,Line 4,XV
s-007,Manual Review,appendix-2.xhtml,,Element requires at least one block-level child.
s-007,Manual Review,appendix-2.xhtml,Line 21,<li>(1) The Emperor died or resigned</li>
s-007,Manual Review,appendix-2.xhtml,Line 22,<li>(2) She herself died or became disabled</li>
s-007,Manual Review,appendix-2.xhtml,Line 23,<li>(3) Either of her parents died</li>
s-007,Manual Review,appendix-2.xhtml,Line 24,<li>(4) She misconducted herself.</li>
s-007,Manual Review,appendix-2.xhtml,Line 30,"<li class=""tight"">death, “recovery”</li>"
s-007,Manual Review,appendix-2.xhtml,Line 31,"<li class=""tight"">illness, “taking a rest”</li>"
s-007,Manual Review,appendix-2.xhtml,Line 32,"<li class=""tight"">weeping, “dropping salt water”</li>"
s-007,Manual Review,appendix-2.xhtml,Line 33,"<li class=""tight"">blood, “sweat”</li>"
s-007,Manual Review,appendix-2.xhtml,Line 34,"<li class=""tight"">to strike, “to fondle”</li>"
s-007,Manual Review,appendix-2.xhtml,Line 35,"<li class=""tight"">a tomb, “an earth heap”</li>"
s-007,Manual Review,appendix-2.xhtml,Line 36,"<li>meat, “vegetables”</li>"
s-021,Error,appendix-2.xhtml,,Unexpected value for <title> element. Hint: Beware hidden Unicode characters!
s-021,Error,appendix-2.xhtml,Line 4,Found: XV Expected: Appendix II: The Vestal Virgins of Ise and Kamo
x-002,Error,appendix-2.xhtml,,Uppercase in attribute value. Hint: Attribute values must be all lowercase.
x-002,Error,appendix-2.xhtml,Line 18,"<a class=""fnanchor pginternal"" href=""#FAPPENDIX_II_1"" id=""FNanchor_APPENDIX_II_…"
x-002,Error,appendix-2.xhtml,Line 41,"<a class=""fnanchor pginternal"" href=""#FNanchor_APPENDIX_… id=""FAPPENDIX_II_1"">"
x-011,Error,appendix-2.xhtml,,Illegal underscore in attribute. Hint: Use dashes instead of underscores.
x-011,Error,appendix-2.xhtml,Line 18,"<a class=""fnanchor pginternal"" href=""#FAPPENDIX_II_1"" id=""FNanchor_APPENDIX_II_…"
x-011,Error,appendix-2.xhtml,Line 29,"<ul class=""small_92"">"
x-011,Error,appendix-2.xhtml,Line 41,"<a class=""fnanchor pginternal"" href=""#FNanchor_APPENDIX_… id=""FAPPENDIX_II_1"">"
x-013,Error,appendix-2.xhtml,,"CSS class found in XHTML, but not any CSS file."
x-013,Error,appendix-2.xhtml,Line 18,"<a class=""fnanchor pginternal"" href=""#FAPPENDIX_II_1"" id=""FNanchor_APPENDIX_II_…"
x-013,Error,appendix-2.xhtml,,"CSS class found in XHTML, but not any CSS file."
x-013,Error,appendix-2.xhtml,Line 18,"<a class=""fnanchor pginternal"" href=""#FAPPENDIX_II_1"" id=""FNanchor_APPENDIX_II_…"
x-013,Error,appendix-2.xhtml,,"CSS class found in XHTML, but not any CSS file."
x-013,Error,appendix-2.xhtml,Line 29,"<ul class=""small_92"">"
x-013,Error,appendix-2.xhtml,,"CSS class found in XHTML, but not any CSS file."
x-013,Error,appendix-2.xhtml,Line 30,"<li class=""tight"">"
x-013,Error,appendix-2.xhtml,,"CSS class found in XHTML, but not any CSS file."
x-013,Error,appendix-2.xhtml,Line 41,"<div class=""footnote"">"
x-019,Error,appendix-2.xhtml,,Unexpected value of @id attribute.
x-019,Error,appendix-2.xhtml,Line 18,Found: FNanchor_APPENDIX_II_1 Expected: appendix-15-a-1
x-019,Error,appendix-2.xhtml,Line 41,Found: FAPPENDIX_II_1 Expected: appendix-15-a-2
y-034,Manual Review,appendix-2.xhtml,,Possible typo: . embedded in word. Hint: Abbreviations must be in an <abbr> element.
y-034,Manual Review,appendix-2.xhtml,Line 26,a.d.
y-034,Manual Review,appendix-2.xhtml,Line 27,a.d.
y-034,Manual Review,appendix-2.xhtml,Line 41,b.c.
